Date,CSP,Volume
2016-04-22,CUMUL,12460
2016-04-22,CUMUL,3217
2016-04-22,CUMUL,1810
2016-04-22,CUMUL,479
2016-04-22,NR,323
2016-04-22,NR,62
2016-04-22,NR,68
2016-04-22,NR,#
2016-04-22,CSP+,1099
2016-04-22,CSP+,422
2016-04-22,CSP+,127
2016-04-22,CSP+,52
2016-04-22,CSP en croissance,1570
2016-04-22,CSP en croissance,554
2016-04-22,CSP en croissance,186
2016-04-22,CSP en croissance,32
2016-04-22,Populaire,1256
2016-04-22,Populaire,201
2016-04-22,Populaire,137
2016-04-22,Populaire,#
2016-04-22,CSP en croissance,41
2016-04-22,CSP en croissance,#
2016-04-22,CSP+,471
2016-04-22,CSP+,318
2016-04-22,CSP+,68
2016-04-22,CSP+,52
2016-04-22,Populaire,304
2016-04-22,Populaire,679
2016-04-22,Populaire,29
2016-04-22,Populaire,124
2016-04-22,Populaire,392
2016-04-22,Populaire,187
2016-04-22,Populaire,39
2016-04-22,Populaire,39
2016-04-22,CSP en croissance,3150
2016-04-22,CSP en croissance,374
2016-04-22,CSP en croissance,323
2016-04-22,CSP en croissance,45
2016-04-22,Populaire,991
2016-04-22,Populaire,131
2016-04-22,Populaire,304
2016-04-22,Populaire,#
2016-04-22,CSP+,2904
2016-04-22,CSP+,131
2016-04-22,CSP+,529
2016-04-22,CSP+,45
2016-04-22,CSP+,117
2016-04-22,CSP+,39
2016-04-23,CUMUL,9888
2016-04-23,CUMUL,2816
2016-04-23,CUMUL,1391
2016-04-23,CUMUL,462
2016-04-23,NR,324
2016-04-23,NR,35
2016-04-23,NR,68
2016-04-23,NR,#
2016-04-23,CSP+,785
2016-04-23,CSP+,345
2016-04-23,CSP+,108
2016-04-23,CSP+,#
2016-04-23,CSP en croissance,923
2016-04-23,CSP en croissance,451
2016-04-23,CSP en croissance,117
2016-04-23,CSP en croissance,53
2016-04-23,Populaire,923
2016-04-23,Populaire,225
2016-04-23,Populaire,88
2016-04-23,Populaire,33
2016-04-23,CSP en croissance,28
2016-04-23,CSP en croissance,#
2016-04-23,CSP+,324
2016-04-23,CSP+,303
2016-04-23,CSP+,#
2016-04-23,CSP+,46
2016-04-23,Populaire,186
2016-04-23,Populaire,522
2016-04-23,Populaire,29
2016-04-23,Populaire,93
2016-04-23,Populaire,137
2016-04-23,Populaire,239
2016-04-23,Populaire,66
2016-04-23,CSP en croissance,2760
2016-04-23,CSP en croissance,345
2016-04-23,CSP en croissance,334
2016-04-23,CSP en croissance,66
2016-04-23,Populaire,736
2016-04-23,Populaire,112
2016-04-23,Populaire,137
2016-04-23,CSP+,2790
2016-04-23,CSP+,134
2016-04-23,CSP+,491
2016-04-23,CSP+,40
2016-04-23,CSP+,77
2016-04-23,CSP+,26
2016-04-24,CUMUL,8051
2016-04-24,CUMUL,2010
2016-04-24,CUMUL,1293
2016-04-24,CUMUL,420
2016-04-24,NR,344
2016-04-24,NR,29
2016-04-24,NR,88
2016-04-24,NR,#
2016-04-24,CSP+,206
2016-04-24,CSP+,276
2016-04-24,CSP+,#
2016-04-24,CSP+,63
2016-04-24,CSP en croissance,570
2016-04-24,CSP en croissance,262
2016-04-24,CSP en croissance,39
2016-04-24,CSP en croissance,28
2016-04-24,Populaire,531
2016-04-24,Populaire,152
2016-04-24,Populaire,59
2016-04-24,Populaire,#
2016-04-24,CSP en croissance,50
2016-04-24,CSP en croissance,21
2016-04-24,CSP+,147
2016-04-24,CSP+,196
2016-04-24,CSP+,29
2016-04-24,CSP+,56
2016-04-24,Populaire,49
2016-04-24,Populaire,334
2016-04-24,Populaire,#
2016-04-24,Populaire,42
2016-04-24,Populaire,108
2016-04-24,Populaire,182
2016-04-24,Populaire,#
2016-04-24,Populaire,63
2016-04-24,CSP en croissance,2566
2016-04-24,CSP en croissance,247
2016-04-24,CSP en croissance,314
2016-04-24,CSP en croissance,42
2016-04-24,Populaire,688
2016-04-24,Populaire,101
2016-04-24,Populaire,157
2016-04-24,Populaire,#
2016-04-24,CSP+,2842
2016-04-24,CSP+,94
2016-04-24,CSP+,570
2016-04-24,CSP+,42
2016-04-24,CSP+,87
2016-04-24,CSP+,21
2016-04-25,CUMUL,12817
2016-04-25,CUMUL,3151
2016-04-25,CUMUL,2121
2016-04-25,CUMUL,599
2016-04-25,NR,384
2016-04-25,NR,41
2016-04-25,NR,68
2016-04-25,NR,#
2016-04-25,CSP+,1191
2016-04-25,CSP+,412
2016-04-25,CSP+,147
2016-04-25,CSP+,60
2016-04-25,CSP en croissance,1388
2016-04-25,CSP en croissance,496
2016-04-25,CSP en croissance,256
2016-04-25,CSP en croissance,60
2016-04-25,Populaire,1191
2016-04-25,Populaire,237
2016-04-25,Populaire,128
2016-04-25,Populaire,#
2016-04-25,CSP en croissance,41
2016-04-25,CSP en croissance,#
2016-04-25,CSP+,512
2016-04-25,CSP+,286
2016-04-25,CSP+,68
2016-04-25,CSP+,53
2016-04-25,Populaire,275
2016-04-25,Populaire,698
2016-04-25,Populaire,39
2016-04-25,Populaire,167
2016-04-25,Populaire,492
2016-04-25,Populaire,188
2016-04-25,Populaire,49
2016-04-25,Populaire,53
2016-04-25,CSP en croissance,3328
2016-04-25,CSP en croissance,391
2016-04-25,CSP en croissance,462
2016-04-25,CSP en croissance,60
2016-04-25,Populaire,955
2016-04-25,Populaire,139
2016-04-25,Populaire,324
2016-04-25,Populaire,40
2016-04-25,CSP+,3101
2016-04-25,CSP+,146
2016-04-25,CSP+,580
2016-04-25,CSP+,60
2016-04-25,CSP+,76
2016-04-26,CUMUL,13293
2016-04-26,CUMUL,3343
2016-04-26,CUMUL,2076
2016-04-26,CUMUL,711
2016-04-26,NR,364
2016-04-26,NR,62
2016-04-26,NR,98
2016-04-26,NR,#
2016-04-26,CSP+,1370
2016-04-26,CSP+,544
2016-04-26,CSP+,187
2016-04-26,CSP+,100
2016-04-26,CSP en croissance,1478
2016-04-26,CSP en croissance,425
2016-04-26,CSP en croissance,207
2016-04-26,CSP en croissance,80
2016-04-26,Populaire,1192
2016-04-26,Populaire,216
2016-04-26,Populaire,138
2016-04-26,Populaire,#
2016-04-26,CSP en croissance,55
2016-04-26,CSP en croissance,#
2016-04-26,CSP+,502
2016-04-26,CSP+,265
2016-04-26,CSP+,59
2016-04-26,CSP+,40
2016-04-26,Populaire,414
2016-04-26,Populaire,879
2016-04-26,Populaire,#
2016-04-26,Populaire,253
2016-04-26,Populaire,591
2016-04-26,Populaire,181
2016-04-26,Populaire,78
2016-04-26,Populaire,40
2016-04-26,CSP en croissance,3282
2016-04-26,CSP en croissance,369
2016-04-26,CSP en croissance,492
2016-04-26,CSP en croissance,53
2016-04-26,Populaire,887
2016-04-26,Populaire,153
2016-04-26,Populaire,207
2016-04-26,Populaire,46
2016-04-26,CSP+,3213
2016-04-26,CSP+,118
2016-04-26,CSP+,591
2016-04-26,CSP+,40
2016-04-26,CSP+,76
2016-04-26,CSP+,#
2016-04-27,CUMUL,13092
2016-04-27,CUMUL,3398
2016-04-27,CUMUL,2206
2016-04-27,CUMUL,605
2016-04-27,NR,355
2016-04-27,NR,27
2016-04-27,NR,#
2016-04-27,NR,#
2016-04-27,CSP+,1174
2016-04-27,CSP+,523
2016-04-27,CSP+,108
2016-04-27,CSP+,98
2016-04-27,CSP en croissance,1440
2016-04-27,CSP en croissance,481
2016-04-27,CSP en croissance,256
2016-04-27,CSP en croissance,78
2016-04-27,Populaire,1312
2016-04-27,Populaire,258
2016-04-27,Populaire,167
2016-04-27,Populaire,39
2016-04-27,CSP en croissance,#
2016-04-27,CSP+,493
2016-04-27,CSP+,348
2016-04-27,CSP+,59
2016-04-27,CSP+,65
2016-04-27,Populaire,325
2016-04-27,Populaire,851
2016-04-27,Populaire,49
2016-04-27,Populaire,190
2016-04-27,Populaire,523
2016-04-27,Populaire,258
2016-04-27,Populaire,69
2016-04-27,Populaire,45
2016-04-27,CSP en croissance,3365
2016-04-27,CSP en croissance,362
2016-04-27,CSP en croissance,463
2016-04-27,CSP en croissance,45
2016-04-27,Populaire,1056
2016-04-27,Populaire,132
2016-04-27,Populaire,355
2016-04-27,Populaire,#
2016-04-27,CSP+,3049
2016-04-27,CSP+,90
2016-04-27,CSP+,661
2016-04-27,CSP+,26
2016-04-27,CSP+,48
2016-04-28,CUMUL,14135
2016-04-28,CUMUL,3927
2016-04-28,CUMUL,2288
2016-04-28,CUMUL,726
2016-04-28,NR,365
2016-04-28,NR,28
2016-04-28,NR,69
2016-04-28,NR,#
2016-04-28,CSP+,1452
2016-04-28,CSP+,634
2016-04-28,CSP+,217
2016-04-28,CSP+,80
2016-04-28,CSP en croissance,1660
2016-04-28,CSP en croissance,535
2016-04-28,CSP en croissance,197
2016-04-28,CSP en croissance,80
2016-04-28,Populaire,1432
2016-04-28,Populaire,317
2016-04-28,Populaire,177
2016-04-28,Populaire,53
2016-04-28,CSP en croissance,28
2016-04-28,CSP en croissance,#
2016-04-28,CSP+,503
2016-04-28,CSP+,387
2016-04-28,CSP+,108
2016-04-28,CSP+,73
2016-04-28,Populaire,494
2016-04-28,Populaire,888
2016-04-28,Populaire,29
2016-04-28,Populaire,195
2016-04-28,Populaire,543
2016-04-28,Populaire,288
2016-04-28,Populaire,69
2016-04-28,Populaire,73
2016-04-28,CSP en croissance,3448
2016-04-28,CSP en croissance,444
2016-04-28,CSP en croissance,464
2016-04-28,CSP en croissance,67
2016-04-28,Populaire,1057
2016-04-28,Populaire,126
2016-04-28,Populaire,326
2016-04-28,Populaire,#
2016-04-28,CSP+,3181
2016-04-28,CSP+,140
2016-04-28,CSP+,632
2016-04-28,CSP+,40
2016-04-28,CSP+,112
2016-04-28,CSP+,33
2016-04-29,CUMUL,14685
2016-04-29,CUMUL,3927
2016-04-29,CUMUL,2488
2016-04-29,CUMUL,649
2016-04-29,NR,415
2016-04-29,NR,42
2016-04-29,NR,89
2016-04-29,NR,#
2016-04-29,CSP+,1424
2016-04-29,CSP+,512
2016-04-29,CSP+,276
2016-04-29,CSP+,68
2016-04-29,CSP en croissance,1928
2016-04-29,CSP en croissance,575
2016-04-29,CSP en croissance,267
2016-04-29,CSP en croissance,95
2016-04-29,Populaire,1483
2016-04-29,Populaire,372
2016-04-29,Populaire,178
2016-04-29,Populaire,47
2016-04-29,CSP en croissance,42
2016-04-29,CSP en croissance,#
2016-04-29,CSP+,702
2016-04-29,CSP+,414
2016-04-29,CSP+,79
2016-04-29,CSP+,54
2016-04-29,Populaire,415
2016-04-29,Populaire,835
2016-04-29,Populaire,79
2016-04-29,Populaire,157
2016-04-29,Populaire,524
2016-04-29,Populaire,266
2016-04-29,Populaire,108
2016-04-29,Populaire,68
2016-04-29,CSP en croissance,3501
2016-04-29,CSP en croissance,456
2016-04-29,CSP en croissance,375
2016-04-29,CSP en croissance,54
2016-04-29,Populaire,1187
2016-04-29,Populaire,175
2016-04-29,Populaire,375
2016-04-29,Populaire,#
2016-04-29,CSP+,3106
2016-04-29,CSP+,161
2016-04-29,CSP+,662
2016-04-29,CSP+,61
2016-04-29,CSP+,77
2016-04-29,CSP+,#
2016-04-30,CUMUL,11127
2016-04-30,CUMUL,3471
2016-04-30,CUMUL,1767
2016-04-30,CUMUL,606
2016-04-30,NR,386
2016-04-30,NR,65
2016-04-30,NR,29
2016-04-30,NR,#
2016-04-30,CSP+,861
2016-04-30,CSP+,505
2016-04-30,CSP+,148
2016-04-30,CSP+,87
2016-04-30,CSP en croissance,1277
2016-04-30,CSP en croissance,484
2016-04-30,CSP en croissance,188
2016-04-30,CSP en croissance,72
2016-04-30,Populaire,950
2016-04-30,Populaire,289
2016-04-30,Populaire,89
2016-04-30,Populaire,21
2016-04-30,CSP en croissance,36
2016-04-30,CSP en croissance,#
2016-04-30,CSP+,495
2016-04-30,CSP+,397
2016-04-30,CSP+,#
2016-04-30,CSP+,36
2016-04-30,Populaire,178
2016-04-30,Populaire,578
2016-04-30,Populaire,#
2016-04-30,Populaire,123
2016-04-30,Populaire,247
2016-04-30,Populaire,216
2016-04-30,Populaire,#
2016-04-30,Populaire,80
2016-04-30,CSP en croissance,2990
2016-04-30,CSP en croissance,527
2016-04-30,CSP en croissance,356
2016-04-30,CSP en croissance,80
2016-04-30,Populaire,792
2016-04-30,Populaire,86
2016-04-30,Populaire,237
2016-04-30,Populaire,#
2016-04-30,CSP+,2951
2016-04-30,CSP+,158
2016-04-30,CSP+,683
2016-04-30,CSP+,50
2016-04-30,CSP+,130
2016-04-30,CSP+,29
2016-05-01,CUMUL,8146
2016-05-01,CUMUL,2507
2016-05-01,CUMUL,1074
2016-05-01,CUMUL,542
2016-05-01,NR,307
2016-05-01,NR,59
2016-05-01,NR,#
2016-05-01,NR,#
2016-05-01,CSP+,366
2016-05-01,CSP+,402
2016-05-01,CSP+,69
2016-05-01,CSP+,92
2016-05-01,CSP en croissance,634
2016-05-01,CSP en croissance,276
2016-05-01,CSP en croissance,29
2016-05-01,CSP en croissance,61
2016-05-01,Populaire,525
2016-05-01,Populaire,208
2016-05-01,Populaire,69
2016-05-01,CSP en croissance,44
2016-05-01,CSP en croissance,23
2016-05-01,CSP+,168
2016-05-01,CSP+,253
2016-05-01,CSP+,#
2016-05-01,CSP+,46
2016-05-01,Populaire,99
2016-05-01,Populaire,440
2016-05-01,Populaire,#
2016-05-01,Populaire,76
2016-05-01,Populaire,99
2016-05-01,Populaire,193
2016-05-01,Populaire,69
2016-05-01,CSP en croissance,2667
2016-05-01,CSP en croissance,365
2016-05-01,CSP en croissance,336
2016-05-01,CSP en croissance,69
2016-05-01,Populaire,545
2016-05-01,Populaire,74
2016-05-01,Populaire,158
2016-05-01,Populaire,38
2016-05-01,CSP+,2736
2016-05-01,CSP+,104
2016-05-01,CSP+,366
2016-05-01,CSP+,38
2016-05-01,CSP+,89
2016-05-01,CSP+,23
2016-05-02,CUMUL,13295
2016-05-02,CUMUL,3255
2016-05-02,CUMUL,1971
2016-05-02,CUMUL,647
2016-05-02,NR,406
2016-05-02,NR,35
2016-05-02,NR,89
2016-05-02,CSP+,1191
2016-05-02,CSP+,489
2016-05-02,CSP+,158
2016-05-02,CSP+,111
2016-05-02,CSP en croissance,1667
2016-05-02,CSP en croissance,460
2016-05-02,CSP en croissance,248
2016-05-02,CSP en croissance,76
2016-05-02,Populaire,1290
2016-05-02,Populaire,255
2016-05-02,Populaire,178
2016-05-02,Populaire,34
2016-05-02,CSP en croissance,56
2016-05-02,CSP en croissance,27
2016-05-02,CSP+,545
2016-05-02,CSP+,361
2016-05-02,CSP+,89
2016-05-02,CSP+,90
2016-05-02,Populaire,357
2016-05-02,Populaire,758
2016-05-02,Populaire,59
2016-05-02,Populaire,160
2016-05-02,Populaire,456
2016-05-02,Populaire,198
2016-05-02,Populaire,59
2016-05-02,Populaire,41
2016-05-02,CSP en croissance,3335
2016-05-02,CSP en croissance,318
2016-05-02,CSP en croissance,337
2016-05-02,CSP en croissance,34
2016-05-02,Populaire,942
2016-05-02,Populaire,120
2016-05-02,Populaire,228
2016-05-02,Populaire,27
2016-05-02,CSP+,3106
2016-05-02,CSP+,113
2016-05-02,CSP+,526
2016-05-02,CSP+,27
2016-05-02,CSP+,92
2016-05-02,CSP+,#
2016-05-03,CUMUL,14215
2016-05-03,CUMUL,3716
2016-05-03,CUMUL,2439
2016-05-03,CUMUL,684
2016-05-03,NR,387
2016-05-03,NR,49
2016-05-03,NR,79
2016-05-03,NR,#
2016-05-03,CSP+,1490
2016-05-03,CSP+,610
2016-05-03,CSP+,238
2016-05-03,CSP+,93
2016-05-03,CSP en croissance,1798
2016-05-03,CSP en croissance,546
2016-05-03,CSP en croissance,248
2016-05-03,CSP en croissance,66
2016-05-03,Populaire,1470
2016-05-03,Populaire,248
2016-05-03,Populaire,238
2016-05-03,Populaire,40
2016-05-03,CSP en croissance,42
2016-05-03,CSP+,616
2016-05-03,CSP+,305
2016-05-03,CSP+,89
2016-05-03,CSP+,93
2016-05-03,Populaire,397
2016-05-03,Populaire,838
2016-05-03,Populaire,59
2016-05-03,Populaire,187
2016-05-03,Populaire,586
2016-05-03,Populaire,277
2016-05-03,Populaire,69
2016-05-03,Populaire,87
2016-05-03,CSP en croissance,3398
2016-05-03,CSP en croissance,468
2016-05-03,CSP en croissance,427
2016-05-03,CSP en croissance,46
2016-05-03,Populaire,1003
2016-05-03,Populaire,78
2016-05-03,Populaire,327
2016-05-03,Populaire,#
2016-05-03,CSP+,3070
2016-05-03,CSP+,149
2016-05-03,CSP+,665
2016-05-03,CSP+,40
2016-05-03,CSP+,106
2016-05-03,CSP+,#
2016-05-04,CUMUL,13208
2016-05-04,CUMUL,3622
2016-05-04,CUMUL,2323
2016-05-04,CUMUL,686
2016-05-04,NR,348
2016-05-04,NR,35
2016-05-04,NR,29
2016-05-04,NR,#
2016-05-04,CSP+,1213
2016-05-04,CSP+,615
2016-05-04,CSP+,169
2016-05-04,CSP+,154
2016-05-04,CSP en croissance,1731
2016-05-04,CSP en croissance,600
2016-05-04,CSP en croissance,218
2016-05-04,CSP en croissance,73
2016-05-04,Populaire,1472
2016-05-04,Populaire,286
2016-05-04,Populaire,189
2016-05-04,Populaire,36
2016-05-04,CSP en croissance,50
2016-05-04,CSP+,447
2016-05-04,CSP+,300
2016-05-04,CSP+,69
2016-05-04,CSP+,80
2016-05-04,Populaire,328
2016-05-04,Populaire,672
2016-05-04,Populaire,39
2016-05-04,Populaire,88
2016-05-04,Populaire,378
2016-05-04,Populaire,236
2016-05-04,Populaire,#
2016-05-04,Populaire,88
2016-05-04,CSP en croissance,3283
2016-05-04,CSP en croissance,429
2016-05-04,CSP en croissance,348
2016-05-04,CSP en croissance,51
2016-05-04,Populaire,974
2016-05-04,Populaire,164
2016-05-04,Populaire,358
2016-05-04,Populaire,29
2016-05-04,CSP+,3034
2016-05-04,CSP+,150
2016-05-04,CSP+,895
2016-05-04,CSP+,51
2016-05-04,CSP+,85
2016-05-04,CSP+,29
2016-05-05,CUMUL,9924
2016-05-05,CUMUL,3319
2016-05-05,CUMUL,1726
2016-05-05,CUMUL,708
2016-05-05,NR,328
2016-05-05,NR,51
2016-05-05,NR,39
2016-05-05,NR,22
2016-05-05,CSP+,627
2016-05-05,CSP+,569
2016-05-05,CSP+,119
2016-05-05,CSP+,105
2016-05-05,CSP en croissance,1085
2016-05-05,CSP en croissance,509
2016-05-05,CSP en croissance,179
2016-05-05,CSP en croissance,97
2016-05-05,Populaire,846
2016-05-05,Populaire,310
2016-05-05,Populaire,129
2016-05-05,Populaire,37
2016-05-05,CSP en croissance,73
2016-05-05,CSP en croissance,22
2016-05-05,CSP+,298
2016-05-05,CSP+,347
2016-05-05,CSP+,39
2016-05-05,CSP+,82
2016-05-05,Populaire,159
2016-05-05,Populaire,421
2016-05-05,Populaire,#
2016-05-05,Populaire,105
2016-05-05,Populaire,239
2016-05-05,Populaire,169
2016-05-05,Populaire,29
2016-05-05,Populaire,52
2016-05-05,CSP en croissance,2798
2016-05-05,CSP en croissance,480
2016-05-05,CSP en croissance,288
2016-05-05,CSP en croissance,75
2016-05-05,Populaire,806
2016-05-05,Populaire,147
2016-05-05,Populaire,278
2016-05-05,Populaire,22
2016-05-05,CSP+,2738
2016-05-05,CSP+,133
2016-05-05,CSP+,607
2016-05-05,CSP+,37
2016-05-05,CSP+,110
2016-05-05,CSP+,52
2016-05-06,CUMUL,12746
2016-05-06,CUMUL,4165
2016-05-06,CUMUL,1928
2016-05-06,CUMUL,656
2016-05-06,NR,378
2016-05-06,NR,57
2016-05-06,NR,69
2016-05-06,NR,21
2016-05-06,CSP+,1146
2016-05-06,CSP+,610
2016-05-06,CSP+,119
2016-05-06,CSP+,107
2016-05-06,CSP en croissance,1545
2016-05-06,CSP en croissance,574
2016-05-06,CSP en croissance,239
2016-05-06,CSP en croissance,57
2016-05-06,Populaire,1405
2016-05-06,Populaire,373
2016-05-06,Populaire,149
2016-05-06,Populaire,57
2016-05-06,CSP en croissance,78
2016-05-06,CSP en croissance,#
2016-05-06,CSP+,408
2016-05-06,CSP+,380
2016-05-06,CSP+,29
2016-05-06,CSP+,21
2016-05-06,Populaire,319
2016-05-06,Populaire,947
2016-05-06,Populaire,#
2016-05-06,Populaire,158
2016-05-06,Populaire,408
2016-05-06,Populaire,201
2016-05-06,Populaire,29
2016-05-06,Populaire,50
2016-05-06,CSP en croissance,3210
2016-05-06,CSP en croissance,509
2016-05-06,CSP en croissance,319
2016-05-06,CSP en croissance,107
2016-05-06,Populaire,1146
2016-05-06,Populaire,114
2016-05-06,Populaire,348
2016-05-06,Populaire,#
2016-05-06,CSP+,2781
2016-05-06,CSP+,150
2016-05-06,CSP+,608
2016-05-06,CSP+,#
2016-05-06,CSP+,172
2016-05-06,CSP+,50
2016-05-07,CUMUL,12245
2016-05-07,CUMUL,4059
2016-05-07,CUMUL,1729
2016-05-07,CUMUL,641
2016-05-07,NR,389
2016-05-07,NR,73
2016-05-07,NR,79
2016-05-07,NR,21
2016-05-07,CSP+,978
2016-05-07,CSP+,512
2016-05-07,CSP+,109
2016-05-07,CSP+,94
2016-05-07,CSP en croissance,1527
2016-05-07,CSP en croissance,637
2016-05-07,CSP en croissance,219
2016-05-07,CSP en croissance,72
2016-05-07,Populaire,1367
2016-05-07,Populaire,329
2016-05-07,Populaire,149
2016-05-07,Populaire,29
2016-05-07,CSP en croissance,51
2016-05-07,CSP en croissance,#
2016-05-07,CSP+,409
2016-05-07,CSP+,417
2016-05-07,CSP+,59
2016-05-07,CSP+,58
2016-05-07,Populaire,239
2016-05-07,Populaire,659
2016-05-07,Populaire,#
2016-05-07,Populaire,116
2016-05-07,Populaire,379
2016-05-07,Populaire,358
2016-05-07,Populaire,#
2016-05-07,Populaire,79
2016-05-07,CSP en croissance,3244
2016-05-07,CSP en croissance,519
2016-05-07,CSP en croissance,329
2016-05-07,CSP en croissance,72
2016-05-07,Populaire,968
2016-05-07,Populaire,183
2016-05-07,Populaire,199
2016-05-07,Populaire,#
2016-05-07,CSP+,2745
2016-05-07,CSP+,168
2016-05-07,CSP+,558
2016-05-07,CSP+,36
2016-05-07,CSP+,153
2016-05-07,CSP+,50
2016-05-08,CUMUL,8738
2016-05-08,CUMUL,2266
2016-05-08,CUMUL,1450
2016-05-08,CUMUL,455
2016-05-08,NR,289
2016-05-08,NR,36
2016-05-08,NR,49
2016-05-08,NR,#
2016-05-08,CSP+,389
2016-05-08,CSP+,272
2016-05-08,CSP+,69
2016-05-08,CSP+,69
2016-05-08,CSP en croissance,639
2016-05-08,CSP en croissance,331
2016-05-08,CSP en croissance,59
2016-05-08,CSP en croissance,76
2016-05-08,Populaire,809
2016-05-08,Populaire,221
2016-05-08,Populaire,89
2016-05-08,Populaire,#
2016-05-08,CSP en croissance,59
2016-05-08,CSP en croissance,#
2016-05-08,CSP+,309
2016-05-08,CSP+,243
2016-05-08,CSP+,49
2016-05-08,CSP+,46
2016-05-08,Populaire,109
2016-05-08,Populaire,346
2016-05-08,Populaire,#
2016-05-08,Populaire,53
2016-05-08,Populaire,149
2016-05-08,Populaire,154
2016-05-08,Populaire,#
2016-05-08,Populaire,38
2016-05-08,CSP en croissance,2618
2016-05-08,CSP en croissance,295
2016-05-08,CSP en croissance,299
2016-05-08,CSP en croissance,38
2016-05-08,Populaire,739
2016-05-08,Populaire,118
2016-05-08,Populaire,209
2016-05-08,Populaire,30
2016-05-08,CSP+,2688
2016-05-08,CSP+,118
2016-05-08,CSP+,599
2016-05-08,CSP+,53
2016-05-08,CSP+,73
2016-05-08,CSP+,#
2016-05-09,CUMUL,13202
2016-05-09,CUMUL,3459
2016-05-09,CUMUL,2170
2016-05-09,CUMUL,721
2016-05-09,NR,320
2016-05-09,NR,35
2016-05-09,NR,40
2016-05-09,NR,#
2016-05-09,CSP+,1270
2016-05-09,CSP+,443
2016-05-09,CSP+,220
2016-05-09,CSP+,91
2016-05-09,CSP en croissance,1570
2016-05-09,CSP en croissance,551
2016-05-09,CSP en croissance,320
2016-05-09,CSP en croissance,91
2016-05-09,Populaire,1360
2016-05-09,Populaire,293
2016-05-09,Populaire,110
2016-05-09,Populaire,35
2016-05-09,CSP en croissance,42
2016-05-09,CSP en croissance,#
2016-05-09,CSP+,440
2016-05-09,CSP+,343
2016-05-09,CSP+,50
2016-05-09,CSP+,84
2016-05-09,Populaire,300
2016-05-09,Populaire,859
2016-05-09,Populaire,40
2016-05-09,Populaire,203
2016-05-09,Populaire,480
2016-05-09,Populaire,186
2016-05-09,Populaire,70
2016-05-09,Populaire,56
2016-05-09,CSP en croissance,3351
2016-05-09,CSP en croissance,343
2016-05-09,CSP en croissance,380
2016-05-09,CSP en croissance,49
2016-05-09,Populaire,980
2016-05-09,Populaire,121
2016-05-09,Populaire,300
2016-05-09,Populaire,21
2016-05-09,CSP+,3131
2016-05-09,CSP+,143
2016-05-09,CSP+,640
2016-05-09,CSP+,56
2016-05-09,CSP+,100
2016-05-09,CSP+,#
2016-05-10,CUMUL,13756
2016-05-10,CUMUL,3840
2016-05-10,CUMUL,2070
2016-05-10,CUMUL,634
2016-05-10,NR,350
2016-05-10,NR,49
2016-05-10,NR,40
2016-05-10,CSP+,1352
2016-05-10,CSP+,531
2016-05-10,CSP+,210
2016-05-10,CSP+,77
2016-05-10,CSP en croissance,1632
2016-05-10,CSP en croissance,623
2016-05-10,CSP en croissance,230
2016-05-10,CSP en croissance,83
2016-05-10,Populaire,1191
2016-05-10,Populaire,311
2016-05-10,Populaire,100
2016-05-10,Populaire,58
2016-05-10,CSP en croissance,56
2016-05-10,CSP en croissance,#
2016-05-10,CSP+,600
2016-05-10,CSP+,325
2016-05-10,CSP+,100
2016-05-10,CSP+,51
2016-05-10,Populaire,390
2016-05-10,Populaire,970
2016-05-10,Populaire,30
2016-05-10,Populaire,187
2016-05-10,Populaire,510
2016-05-10,Populaire,261
2016-05-10,Populaire,70
2016-05-10,Populaire,71
2016-05-10,CSP en croissance,3465
2016-05-10,CSP en croissance,410
2016-05-10,CSP en croissance,370
2016-05-10,CSP en croissance,38
2016-05-10,Populaire,1051
2016-05-10,Populaire,92
2016-05-10,Populaire,250
2016-05-10,Populaire,#
2016-05-10,CSP+,3215
2016-05-10,CSP+,113
2016-05-10,CSP+,670
2016-05-10,CSP+,45
2016-05-10,CSP+,99
2016-05-10,CSP+,#
2016-05-11,CUMUL,13982
2016-05-11,CUMUL,3864
2016-05-11,CUMUL,2243
2016-05-11,CUMUL,576
2016-05-11,NR,381
2016-05-11,NR,49
2016-05-11,NR,50
2016-05-11,CSP+,1243
2016-05-11,CSP+,585
2016-05-11,CSP+,140
2016-05-11,CSP+,68
2016-05-11,CSP en croissance,1784
2016-05-11,CSP en croissance,664
2016-05-11,CSP en croissance,270
2016-05-11,CSP en croissance,88
2016-05-11,Populaire,1413
2016-05-11,Populaire,257
2016-05-11,Populaire,140
2016-05-11,Populaire,41
2016-05-11,CSP en croissance,49
2016-05-11,CSP en croissance,#
2016-05-11,CSP+,451
2016-05-11,CSP+,335
2016-05-11,CSP+,40
2016-05-11,CSP+,41
2016-05-11,Populaire,350
2016-05-11,Populaire,835
2016-05-11,Populaire,50
2016-05-11,Populaire,129
2016-05-11,Populaire,621
2016-05-11,Populaire,278
2016-05-11,Populaire,80
2016-05-11,Populaire,75
2016-05-11,CSP en croissance,3308
2016-05-11,CSP en croissance,471
2016-05-11,CSP en croissance,451
2016-05-11,CSP en croissance,41
2016-05-11,Populaire,1193
2016-05-11,Populaire,128
2016-05-11,Populaire,391
2016-05-11,Populaire,#
2016-05-11,CSP+,3238
2016-05-11,CSP+,128
2016-05-11,CSP+,631
2016-05-11,CSP+,61
2016-05-11,CSP+,85
2016-05-11,CSP+,#
2016-05-12,CUMUL,13650
2016-05-12,CUMUL,4063
2016-05-12,CUMUL,2314
2016-05-12,CUMUL,733
2016-05-12,NR,371
2016-05-12,NR,28
2016-05-12,NR,60
2016-05-12,CSP+,1365
2016-05-12,CSP+,588
2016-05-12,CSP+,250
2016-05-12,CSP+,127
2016-05-12,CSP en croissance,1455
2016-05-12,CSP en croissance,609
2016-05-12,CSP en croissance,220
2016-05-12,CSP en croissance,71
2016-05-12,Populaire,1315
2016-05-12,Populaire,265
2016-05-12,Populaire,150
2016-05-12,Populaire,56
2016-05-12,CSP en croissance,50
2016-05-12,CSP en croissance,#
2016-05-12,CSP+,582
2016-05-12,CSP+,437
2016-05-12,CSP+,70
2016-05-12,CSP+,78
2016-05-12,Populaire,481
2016-05-12,Populaire,889
2016-05-12,Populaire,30
2016-05-12,Populaire,184
2016-05-12,Populaire,532
2016-05-12,Populaire,294
2016-05-12,Populaire,90
2016-05-12,Populaire,63
2016-05-12,CSP en croissance,3353
2016-05-12,CSP en croissance,495
2016-05-12,CSP en croissance,471
2016-05-12,CSP en croissance,56
2016-05-12,Populaire,1094
2016-05-12,Populaire,165
2016-05-12,Populaire,351
2016-05-12,Populaire,#
2016-05-12,CSP+,3102
2016-05-12,CSP+,129
2016-05-12,CSP+,622
2016-05-12,CSP+,56
2016-05-12,CSP+,114
2016-05-12,CSP+,21
2016-05-13,CUMUL,15664
2016-05-13,CUMUL,5065
2016-05-13,CUMUL,2317
2016-05-13,CUMUL,811
2016-05-13,NR,381
2016-05-13,NR,43
2016-05-13,NR,50
2016-05-13,NR,#
2016-05-13,CSP+,1537
2016-05-13,CSP+,783
2016-05-13,CSP+,180
2016-05-13,CSP+,93
2016-05-13,CSP en croissance,2060
2016-05-13,CSP en croissance,703
2016-05-13,CSP en croissance,241
2016-05-13,CSP en croissance,71
2016-05-13,Populaire,1618
2016-05-13,Populaire,399
2016-05-13,Populaire,160
2016-05-13,Populaire,71
2016-05-13,CSP en croissance,65
2016-05-13,CSP en croissance,#
2016-05-13,CSP+,623
2016-05-13,CSP+,529
2016-05-13,CSP+,#
2016-05-13,CSP+,57
2016-05-13,Populaire,482
2016-05-13,Populaire,1167
2016-05-13,Populaire,30
2016-05-13,Populaire,207
2016-05-13,Populaire,733
2016-05-13,Populaire,326
2016-05-13,Populaire,70
2016-05-13,Populaire,78
2016-05-13,CSP en croissance,3748
2016-05-13,CSP en croissance,573
2016-05-13,CSP en croissance,472
2016-05-13,CSP en croissance,93
2016-05-13,Populaire,1206
2016-05-13,Populaire,181
2016-05-13,Populaire,391
2016-05-13,Populaire,21
2016-05-13,CSP+,3276
2016-05-13,CSP+,188
2016-05-13,CSP+,703
2016-05-13,CSP+,78
2016-05-13,CSP+,108
2016-05-13,CSP+,21
2016-05-14,CUMUL,20178
2016-05-14,CUMUL,12316
2016-05-14,CUMUL,2782
2016-05-14,CUMUL,2037
2016-05-14,NR,432
2016-05-14,NR,125
2016-05-14,NR,40
2016-05-14,NR,30
2016-05-14,CSP+,2273
2016-05-14,CSP+,1679
2016-05-14,CSP+,251
2016-05-14,CSP+,300
2016-05-14,CSP en croissance,3229
2016-05-14,CSP en croissance,1863
2016-05-14,CSP en croissance,321
2016-05-14,CSP en croissance,255
2016-05-14,Populaire,2636
2016-05-14,Populaire,1141
2016-05-14,Populaire,342
2016-05-14,Populaire,135
2016-05-14,CSP en croissance,117
2016-05-14,CSP en croissance,22
2016-05-14,CSP+,1006
2016-05-14,CSP+,1303
2016-05-14,CSP+,90
2016-05-14,CSP+,202
2016-05-14,Populaire,482
2016-05-14,Populaire,2474
2016-05-14,Populaire,60
2016-05-14,Populaire,420
2016-05-14,Populaire,996
2016-05-14,Populaire,802
2016-05-14,Populaire,70
2016-05-14,Populaire,202
2016-05-14,CSP en croissance,4155
2016-05-14,CSP en croissance,1598
2016-05-14,CSP en croissance,412
2016-05-14,CSP en croissance,202
2016-05-14,Populaire,1609
2016-05-14,Populaire,441
2016-05-14,Populaire,482
2016-05-14,Populaire,22
2016-05-14,CSP+,3360
2016-05-14,CSP+,427
2016-05-14,CSP+,714
2016-05-14,CSP+,135
2016-05-14,CSP+,346
2016-05-14,CSP+,112
2016-05-15,CUMUL,20613
2016-05-15,CUMUL,16189
2016-05-15,CUMUL,3097
2016-05-15,CUMUL,2441
2016-05-15,NR,412
2016-05-15,NR,183
2016-05-15,NR,60
2016-05-15,NR,#
2016-05-15,CSP+,2417
2016-05-15,CSP+,2266
2016-05-15,CSP+,292
2016-05-15,CSP+,372
2016-05-15,CSP en croissance,3505
2016-05-15,CSP en croissance,2743
2016-05-15,CSP en croissance,412
2016-05-15,CSP en croissance,343
2016-05-15,Populaire,2588
2016-05-15,Populaire,1349
2016-05-15,Populaire,372
2016-05-15,Populaire,197
2016-05-15,CSP en croissance,102
2016-05-15,CSP en croissance,#
2016-05-15,CSP+,1329
2016-05-15,CSP+,1562
2016-05-15,CSP+,110
2016-05-15,CSP+,262
2016-05-15,Populaire,634
2016-05-15,Populaire,3425
2016-05-15,Populaire,151
2016-05-15,Populaire,438
2016-05-15,Populaire,966
2016-05-15,Populaire,1114
2016-05-15,Populaire,70
2016-05-15,Populaire,248
2016-05-15,CSP en croissance,4059
2016-05-15,CSP en croissance,2126
2016-05-15,CSP en croissance,513
2016-05-15,CSP en croissance,335
2016-05-15,Populaire,1551
2016-05-15,Populaire,557
2016-05-15,Populaire,443
2016-05-15,Populaire,36
2016-05-15,CSP+,3152
2016-05-15,CSP+,396
2016-05-15,CSP+,674
2016-05-15,CSP+,109
2016-05-15,CSP+,366
2016-05-15,CSP+,73
2016-05-16,CUMUL,13496
2016-05-16,CUMUL,6376
2016-05-16,CUMUL,2152
2016-05-16,CUMUL,1087
2016-05-16,NR,332
2016-05-16,NR,96
2016-05-16,NR,60
2016-05-16,NR,#
2016-05-16,CSP+,1199
2016-05-16,CSP+,859
2016-05-16,CSP+,231
2016-05-16,CSP+,131
2016-05-16,CSP en croissance,1694
2016-05-16,CSP en croissance,1230
2016-05-16,CSP en croissance,231
2016-05-16,CSP en croissance,196
2016-05-16,Populaire,1421
2016-05-16,Populaire,578
2016-05-16,Populaire,231
2016-05-16,Populaire,80
2016-05-16,CSP en croissance,59
2016-05-16,CSP+,504
2016-05-16,CSP+,689
2016-05-16,CSP+,40
2016-05-16,CSP+,72
2016-05-16,Populaire,322
2016-05-16,Populaire,1193
2016-05-16,Populaire,40
2016-05-16,Populaire,240
2016-05-16,Populaire,473
2016-05-16,Populaire,318
2016-05-16,Populaire,30
2016-05-16,Populaire,72
2016-05-16,CSP en croissance,3367
2016-05-16,CSP en croissance,904
2016-05-16,CSP en croissance,453
2016-05-16,CSP en croissance,131
2016-05-16,Populaire,1038
2016-05-16,Populaire,155
2016-05-16,Populaire,322
2016-05-16,Populaire,36
2016-05-16,CSP+,3146
2016-05-16,CSP+,192
2016-05-16,CSP+,514
2016-05-16,CSP+,72
2016-05-16,CSP+,103
2016-05-16,CSP+,43
2016-05-17,CUMUL,13855
2016-05-17,CUMUL,3529
2016-05-17,CUMUL,2085
2016-05-17,CUMUL,736
2016-05-17,NR,373
2016-05-17,NR,57
2016-05-17,NR,50
2016-05-17,CSP+,1453
2016-05-17,CSP+,512
2016-05-17,CSP+,272
2016-05-17,CSP+,122
2016-05-17,CSP en croissance,1645
2016-05-17,CSP en croissance,505
2016-05-17,CSP en croissance,181
2016-05-17,CSP en croissance,93
2016-05-17,Populaire,1382
2016-05-17,Populaire,317
2016-05-17,Populaire,121
2016-05-17,Populaire,50
2016-05-17,CSP en croissance,72
2016-05-17,CSP+,464
2016-05-17,CSP+,317
2016-05-17,CSP+,60
2016-05-17,CSP+,71
2016-05-17,Populaire,393
2016-05-17,Populaire,822
2016-05-17,Populaire,30
2016-05-17,Populaire,201
2016-05-17,Populaire,656
2016-05-17,Populaire,223
2016-05-17,Populaire,131
2016-05-17,Populaire,43
2016-05-17,CSP en croissance,3321
2016-05-17,CSP en croissance,425
2016-05-17,CSP en croissance,444
2016-05-17,CSP en croissance,71
2016-05-17,Populaire,1059
2016-05-17,Populaire,93
2016-05-17,Populaire,302
2016-05-17,Populaire,#
2016-05-17,CSP+,3109
2016-05-17,CSP+,122
2016-05-17,CSP+,494
2016-05-17,CSP+,50
2016-05-17,CSP+,64
2016-05-17,CSP+,28
2016-05-18,CUMUL,13355
2016-05-18,CUMUL,3814
2016-05-18,CUMUL,2349
2016-05-18,CUMUL,765
2016-05-18,NR,384
2016-05-18,NR,57
2016-05-18,NR,80
2016-05-18,NR,#
2016-05-18,CSP+,1283
2016-05-18,CSP+,540
2016-05-18,CSP+,191
2016-05-18,CSP+,104
2016-05-18,CSP en croissance,1586
2016-05-18,CSP en croissance,533
2016-05-18,CSP en croissance,313
2016-05-18,CSP en croissance,118
2016-05-18,Populaire,1303
2016-05-18,Populaire,317
2016-05-18,Populaire,131
2016-05-18,Populaire,62
2016-05-18,CSP en croissance,79
2016-05-18,CSP en croissance,#
2016-05-18,CSP+,515
2016-05-18,CSP+,367
2016-05-18,CSP+,70
2016-05-18,CSP+,55
2016-05-18,Populaire,414
2016-05-18,Populaire,879
2016-05-18,Populaire,50
2016-05-18,Populaire,202
2016-05-18,Populaire,505
2016-05-18,Populaire,266
2016-05-18,Populaire,60
2016-05-18,Populaire,62
2016-05-18,CSP en croissance,3243
2016-05-18,CSP en croissance,425
2016-05-18,CSP en croissance,434
2016-05-18,CSP en croissance,55
2016-05-18,Populaire,980
2016-05-18,Populaire,136
2016-05-18,Populaire,333
2016-05-18,Populaire,34
2016-05-18,CSP+,3142
2016-05-18,CSP+,136
2016-05-18,CSP+,687
2016-05-18,CSP+,55
2016-05-18,CSP+,79
2016-05-18,CSP+,#
2016-05-19,CUMUL,13441
2016-05-19,CUMUL,3715
2016-05-19,CUMUL,2139
2016-05-19,CUMUL,609
2016-05-19,NR,333
2016-05-19,NR,77
2016-05-19,NR,30
2016-05-19,NR,#
2016-05-19,CSP+,1426
2016-05-19,CSP+,536
2016-05-19,CSP+,202
2016-05-19,CSP+,76
2016-05-19,CSP en croissance,1639
2016-05-19,CSP en croissance,642
2016-05-19,CSP en croissance,141
2016-05-19,CSP en croissance,70
2016-05-19,Populaire,1345
2016-05-19,Populaire,275
2016-05-19,Populaire,121
2016-05-19,Populaire,44
2016-05-19,CSP en croissance,42
2016-05-19,CSP+,505
2016-05-19,CSP+,338
2016-05-19,CSP+,60
2016-05-19,CSP+,44
2016-05-19,Populaire,384
2016-05-19,Populaire,889
2016-05-19,Populaire,40
2016-05-19,Populaire,230
2016-05-19,Populaire,607
2016-05-19,Populaire,254
2016-05-19,Populaire,80
2016-05-19,Populaire,38
2016-05-19,CSP en croissance,3136
2016-05-19,CSP en croissance,360
2016-05-19,CSP en croissance,374
2016-05-19,CSP en croissance,51
2016-05-19,Populaire,1001
2016-05-19,Populaire,162
2016-05-19,Populaire,333
2016-05-19,Populaire,#
2016-05-19,CSP+,3065
2016-05-19,CSP+,91
2016-05-19,CSP+,758
2016-05-19,CSP+,32
2016-05-19,CSP+,49
2016-05-19,CSP+,#
2016-05-20,CUMUL,14296
2016-05-20,CUMUL,4239
2016-05-20,CUMUL,2122
2016-05-20,CUMUL,700
2016-05-20,NR,344
2016-05-20,NR,43
2016-05-20,NR,60
2016-05-20,NR,#
2016-05-20,CSP+,1569
2016-05-20,CSP+,626
2016-05-20,CSP+,182
2016-05-20,CSP+,82
2016-05-20,CSP en croissance,1863
2016-05-20,CSP en croissance,669
2016-05-20,CSP en croissance,263
2016-05-20,CSP en croissance,82
2016-05-20,Populaire,1488
2016-05-20,Populaire,352
2016-05-20,Populaire,151
2016-05-20,Populaire,34
2016-05-20,CSP en croissance,64
2016-05-20,CSP en croissance,#
2016-05-20,CSP+,587
2016-05-20,CSP+,438
2016-05-20,CSP+,70
2016-05-20,CSP+,75
2016-05-20,Populaire,364
2016-05-20,Populaire,863
2016-05-20,Populaire,50
2016-05-20,Populaire,191
2016-05-20,Populaire,617
2016-05-20,Populaire,287
2016-05-20,Populaire,81
2016-05-20,Populaire,82
2016-05-20,CSP en croissance,3150
2016-05-20,CSP en croissance,539
2016-05-20,CSP en croissance,364
2016-05-20,CSP en croissance,47
2016-05-20,Populaire,1154
2016-05-20,Populaire,151
2016-05-20,Populaire,344
2016-05-20,Populaire,27
2016-05-20,CSP+,3160
2016-05-20,CSP+,136
2016-05-20,CSP+,557
2016-05-20,CSP+,34
2016-05-20,CSP+,71
2016-05-20,CSP+,27
2016-05-21,CUMUL,11959
2016-05-21,CUMUL,3531
2016-05-21,CUMUL,1699
2016-05-21,CUMUL,507
2016-05-21,NR,324
2016-05-21,NR,64
2016-05-21,NR,#
2016-05-21,NR,#
2016-05-21,CSP+,851
2016-05-21,CSP+,519
2016-05-21,CSP+,111
2016-05-21,CSP+,135
2016-05-21,CSP en croissance,1733
2016-05-21,CSP en croissance,570
2016-05-21,CSP en croissance,283
2016-05-21,CSP en croissance,52
2016-05-21,Populaire,1084
2016-05-21,Populaire,281
2016-05-21,Populaire,131
2016-05-21,Populaire,22
2016-05-21,CSP en croissance,#
2016-05-21,CSP+,354
2016-05-21,CSP+,310
2016-05-21,CSP+,#
2016-05-21,CSP+,52
2016-05-21,Populaire,253
2016-05-21,Populaire,700
2016-05-21,Populaire,50
2016-05-21,Populaire,97
2016-05-21,Populaire,405
2016-05-21,Populaire,274
2016-05-21,Populaire,30
2016-05-21,CSP en croissance,3163
2016-05-21,CSP en croissance,498
2016-05-21,CSP en croissance,375
2016-05-21,CSP en croissance,37
2016-05-21,Populaire,882
2016-05-21,Populaire,129
2016-05-21,Populaire,243
2016-05-21,Populaire,#
2016-05-21,CSP+,2910
2016-05-21,CSP+,108
2016-05-21,CSP+,476
2016-05-21,CSP+,22
2016-05-21,CSP+,64
2016-05-21,CSP+,30
2016-05-22,CUMUL,7782
2016-05-22,CUMUL,1859
2016-05-22,CUMUL,1162
2016-05-22,CUMUL,348
2016-05-22,NR,304
2016-05-22,NR,22
2016-05-22,NR,50
2016-05-22,CSP+,334
2016-05-22,CSP+,267
2016-05-22,CSP+,30
2016-05-22,CSP+,43
2016-05-22,CSP en croissance,548
2016-05-22,CSP en croissance,252
2016-05-22,CSP en croissance,50
2016-05-22,CSP en croissance,28
2016-05-22,Populaire,497
2016-05-22,Populaire,163
2016-05-22,Populaire,50
2016-05-22,Populaire,#
2016-05-22,CSP en croissance,44
2016-05-22,CSP+,91
2016-05-22,CSP+,230
2016-05-22,CSP+,57
2016-05-22,Populaire,71
2016-05-22,Populaire,349
2016-05-22,Populaire,#
2016-05-22,Populaire,86
2016-05-22,Populaire,182
2016-05-22,Populaire,148
2016-05-22,Populaire,#
2016-05-22,Populaire,21
2016-05-22,CSP en croissance,2355
2016-05-22,CSP en croissance,200
2016-05-22,CSP en croissance,253
2016-05-22,CSP en croissance,50
2016-05-22,Populaire,619
2016-05-22,Populaire,66
2016-05-22,Populaire,172
2016-05-22,Populaire,21
2016-05-22,CSP+,2781
2016-05-22,CSP+,59
2016-05-22,CSP+,527
2016-05-22,CSP+,21
2016-05-22,CSP+,59
2016-05-22,CSP+,#
2016-05-23,CUMUL,12322
2016-05-23,CUMUL,3338
2016-05-23,CUMUL,2159
2016-05-23,CUMUL,631
2016-05-23,NR,376
2016-05-23,NR,29
2016-05-23,NR,60
2016-05-23,CSP+,1087
2016-05-23,CSP+,413
2016-05-23,CSP+,172
2016-05-23,CSP+,77
2016-05-23,CSP en croissance,1300
2016-05-23,CSP en croissance,442
2016-05-23,CSP en croissance,193
2016-05-23,CSP en croissance,56
2016-05-23,Populaire,1260
2016-05-23,Populaire,268
2016-05-23,Populaire,193
2016-05-23,Populaire,28
2016-05-23,CSP en croissance,43
2016-05-23,CSP en croissance,#
2016-05-23,CSP+,436
2016-05-23,CSP+,377
2016-05-23,CSP+,60
2016-05-23,CSP+,77
2016-05-23,Populaire,304
2016-05-23,Populaire,834
2016-05-23,Populaire,40
2016-05-23,Populaire,190
2016-05-23,Populaire,548
2016-05-23,Populaire,217
2016-05-23,Populaire,111
2016-05-23,Populaire,28
2016-05-23,CSP en croissance,3048
2016-05-23,CSP en croissance,398
2016-05-23,CSP en croissance,467
2016-05-23,CSP en croissance,77
2016-05-23,Populaire,833
2016-05-23,Populaire,137
2016-05-23,Populaire,264
2016-05-23,Populaire,28
2016-05-23,CSP+,3130
2016-05-23,CSP+,101
2016-05-23,CSP+,599
2016-05-23,CSP+,49
2016-05-23,CSP+,79
2016-05-23,CSP+,#
2016-05-24,CUMUL,13994
2016-05-24,CUMUL,3766
2016-05-24,CUMUL,2234
2016-05-24,CUMUL,719
2016-05-24,NR,386
2016-05-24,NR,29
2016-05-24,NR,71
2016-05-24,NR,#
2016-05-24,CSP+,1597
2016-05-24,CSP+,623
2016-05-24,CSP+,233
2016-05-24,CSP+,101
2016-05-24,CSP en croissance,1709
2016-05-24,CSP en croissance,520
2016-05-24,CSP en croissance,203
2016-05-24,CSP en croissance,72
2016-05-24,Populaire,1292
2016-05-24,Populaire,286
2016-05-24,Populaire,142
2016-05-24,Populaire,36
2016-05-24,CSP en croissance,44
2016-05-24,CSP en croissance,#
2016-05-24,CSP+,590
2016-05-24,CSP+,330
2016-05-24,CSP+,81
2016-05-24,CSP+,94
2016-05-24,Populaire,345
2016-05-24,Populaire,924
2016-05-24,Populaire,61
2016-05-24,Populaire,217
2016-05-24,Populaire,579
2016-05-24,Populaire,220
2016-05-24,Populaire,132
2016-05-24,Populaire,28
2016-05-24,CSP en croissance,3275
2016-05-24,CSP en croissance,425
2016-05-24,CSP en croissance,488
2016-05-24,CSP en croissance,36
2016-05-24,Populaire,986
2016-05-24,Populaire,146
2016-05-24,Populaire,274
2016-05-24,Populaire,28
2016-05-24,CSP+,3235
2016-05-24,CSP+,139
2016-05-24,CSP+,549
2016-05-24,CSP+,72
2016-05-24,CSP+,80
2016-05-24,CSP+,21
2016-05-25,CUMUL,14030
2016-05-25,CUMUL,3404
2016-05-25,CUMUL,2295
2016-05-25,CUMUL,652
2016-05-25,NR,397
2016-05-25,NR,#
2016-05-25,NR,71
2016-05-25,CSP+,1517
2016-05-25,CSP+,515
2016-05-25,CSP+,274
2016-05-25,CSP+,73
2016-05-25,CSP en croissance,1619
2016-05-25,CSP en croissance,449
2016-05-25,CSP en croissance,223
2016-05-25,CSP en croissance,60
2016-05-25,Populaire,1446
2016-05-25,Populaire,224
2016-05-25,Populaire,162
2016-05-25,Populaire,40
2016-05-25,CSP en croissance,29
2016-05-25,CSP+,549
2016-05-25,CSP+,377
2016-05-25,CSP+,50
2016-05-25,CSP+,80
2016-05-25,Populaire,254
2016-05-25,Populaire,805
2016-05-25,Populaire,40
2016-05-25,Populaire,207
2016-05-25,Populaire,580
2016-05-25,Populaire,217
2016-05-25,Populaire,61
2016-05-25,Populaire,80
2016-05-25,CSP en croissance,3330
2016-05-25,CSP en croissance,391
2016-05-25,CSP en croissance,417
2016-05-25,CSP en croissance,33
2016-05-25,Populaire,1110
2016-05-25,Populaire,174
2016-05-25,Populaire,397
2016-05-25,Populaire,26
2016-05-25,CSP+,3228
2016-05-25,CSP+,137
2016-05-25,CSP+,600
2016-05-25,CSP+,40
2016-05-25,CSP+,72
2016-05-25,CSP+,#
2016-05-26,CUMUL,14330
2016-05-26,CUMUL,3899
2016-05-26,CUMUL,2490
2016-05-26,CUMUL,613
2016-05-26,NR,346
2016-05-26,NR,42
2016-05-26,NR,50
2016-05-26,CSP+,1476
2016-05-26,CSP+,556
2016-05-26,CSP+,285
2016-05-26,CSP+,80
2016-05-26,CSP en croissance,1618
2016-05-26,CSP en croissance,592
2016-05-26,CSP en croissance,274
2016-05-26,CSP en croissance,60
2016-05-26,Populaire,1598
2016-05-26,Populaire,271
2016-05-26,Populaire,183
2016-05-26,Populaire,26
2016-05-26,CSP en croissance,64
2016-05-26,CSP+,437
2016-05-26,CSP+,321
2016-05-26,CSP+,61
2016-05-26,CSP+,60
2016-05-26,Populaire,478
2016-05-26,Populaire,992
2016-05-26,Populaire,71
2016-05-26,Populaire,194
2016-05-26,Populaire,692
2016-05-26,Populaire,257
2016-05-26,Populaire,132
2016-05-26,Populaire,67
2016-05-26,CSP en croissance,3481
2016-05-26,CSP en croissance,421
2016-05-26,CSP en croissance,478
2016-05-26,CSP en croissance,33
2016-05-26,Populaire,1038
2016-05-26,Populaire,185
2016-05-26,Populaire,346
2016-05-26,Populaire,40
2016-05-26,CSP+,3166
2016-05-26,CSP+,99
2016-05-26,CSP+,610
2016-05-26,CSP+,33
2016-05-26,CSP+,99
2016-05-26,CSP+,#
2016-05-27,CUMUL,14601
2016-05-27,CUMUL,4244
2016-05-27,CUMUL,2270
2016-05-27,CUMUL,765
2016-05-27,NR,377
2016-05-27,NR,29
2016-05-27,NR,91
2016-05-27,NR,#
2016-05-27,CSP+,1479
2016-05-27,CSP+,666
2016-05-27,CSP+,224
2016-05-27,CSP+,105
2016-05-27,CSP en croissance,1867
2016-05-27,CSP en croissance,585
2016-05-27,CSP en croissance,244
2016-05-27,CSP en croissance,90
2016-05-27,Populaire,1490
2016-05-27,Populaire,377
2016-05-27,Populaire,153
2016-05-27,Populaire,68
2016-05-27,CSP en croissance,51
2016-05-27,CSP en croissance,#
2016-05-27,CSP+,622
2016-05-27,CSP+,407
2016-05-27,CSP+,40
2016-05-27,CSP+,105
2016-05-27,Populaire,408
2016-05-27,Populaire,940
2016-05-27,Populaire,81
2016-05-27,Populaire,181
2016-05-27,Populaire,673
2016-05-27,Populaire,266
2016-05-27,Populaire,173
2016-05-27,Populaire,83
2016-05-27,CSP en croissance,3419
2016-05-27,CSP en croissance,555
2016-05-27,CSP en croissance,367
2016-05-27,CSP en croissance,37
2016-05-27,Populaire,1204
2016-05-27,Populaire,125
2016-05-27,Populaire,377
2016-05-27,Populaire,#
2016-05-27,CSP+,3062
2016-05-27,CSP+,125
2016-05-27,CSP+,520
2016-05-27,CSP+,30
2016-05-27,CSP+,118
2016-05-27,CSP+,37
2016-05-28,CUMUL,11607
2016-05-28,CUMUL,4021
2016-05-28,CUMUL,1811
2016-05-28,CUMUL,715
2016-05-28,NR,347
2016-05-28,NR,67
2016-05-28,NR,112
2016-05-28,NR,#
2016-05-28,CSP+,929
2016-05-28,CSP+,538
2016-05-28,CSP+,112
2016-05-28,CSP+,108
2016-05-28,CSP en croissance,1480
2016-05-28,CSP en croissance,583
2016-05-28,CSP en croissance,234
2016-05-28,CSP en croissance,62
2016-05-28,Populaire,1194
2016-05-28,Populaire,434
2016-05-28,Populaire,132
2016-05-28,Populaire,108
2016-05-28,CSP en croissance,52
2016-05-28,CSP en croissance,#
2016-05-28,CSP+,449
2016-05-28,CSP+,486
2016-05-28,CSP+,30
2016-05-28,CSP+,46
2016-05-28,Populaire,255
2016-05-28,Populaire,651
2016-05-28,Populaire,40
2016-05-28,Populaire,116
2016-05-28,Populaire,388
2016-05-28,Populaire,224
2016-05-28,Populaire,30
2016-05-28,Populaire,69
2016-05-28,CSP en croissance,2920
2016-05-28,CSP en croissance,538
2016-05-28,CSP en croissance,377
2016-05-28,CSP en croissance,93
2016-05-28,Populaire,776
2016-05-28,Populaire,134
2016-05-28,Populaire,244
2016-05-28,Populaire,#
2016-05-28,CSP+,2869
2016-05-28,CSP+,157
2016-05-28,CSP+,500
2016-05-28,CSP+,46
2016-05-28,CSP+,157
2016-05-28,CSP+,38
2016-05-29,CUMUL,8294
2016-05-29,CUMUL,2109
2016-05-29,CUMUL,1273
2016-05-29,CUMUL,404
2016-05-29,NR,327
2016-05-29,NR,31
2016-05-29,NR,143
2016-05-29,CSP+,439
2016-05-29,CSP+,264
2016-05-29,CSP+,#
2016-05-29,CSP+,61
2016-05-29,CSP en croissance,623
2016-05-29,CSP en croissance,256
2016-05-29,CSP en croissance,71
2016-05-29,CSP en croissance,53
2016-05-29,Populaire,562
2016-05-29,Populaire,209
2016-05-29,Populaire,71
2016-05-29,Populaire,61
2016-05-29,CSP en croissance,38
2016-05-29,CSP+,194
2016-05-29,CSP+,186
2016-05-29,CSP+,#
2016-05-29,CSP+,38
2016-05-29,Populaire,81
2016-05-29,Populaire,388
2016-05-29,Populaire,#
2016-05-29,Populaire,46
2016-05-29,Populaire,183
2016-05-29,Populaire,163
2016-05-29,Populaire,#
2016-05-29,Populaire,38
2016-05-29,CSP en croissance,2585
2016-05-29,CSP en croissance,295
2016-05-29,CSP en croissance,275
2016-05-29,CSP en croissance,38
2016-05-29,Populaire,551
2016-05-29,Populaire,23
2016-05-29,Populaire,173
2016-05-29,CSP+,2749
2016-05-29,CSP+,93
2016-05-29,CSP+,480
2016-05-29,CSP+,23
2016-05-29,CSP+,163
2016-05-29,CSP+,46
2016-05-30,CUMUL,12367
2016-05-30,CUMUL,3121
2016-05-30,CUMUL,2213
2016-05-30,CUMUL,609
2016-05-30,NR,327
2016-05-30,NR,36
2016-05-30,NR,81
2016-05-30,NR,#
2016-05-30,CSP+,1206
2016-05-30,CSP+,455
2016-05-30,CSP+,255
2016-05-30,CSP+,77
2016-05-30,CSP en croissance,1451
2016-05-30,CSP en croissance,477
2016-05-30,CSP en croissance,265
2016-05-30,CSP en croissance,91
2016-05-30,Populaire,1063
2016-05-30,Populaire,212
2016-05-30,Populaire,143
2016-05-30,Populaire,42
2016-05-30,CSP en croissance,36
2016-05-30,CSP en croissance,#
2016-05-30,CSP+,419
2016-05-30,CSP+,337
2016-05-30,CSP+,81
2016-05-30,CSP+,63
2016-05-30,Populaire,337
2016-05-30,Populaire,756
2016-05-30,Populaire,91
2016-05-30,Populaire,175
2016-05-30,Populaire,531
2016-05-30,Populaire,212
2016-05-30,Populaire,102
2016-05-30,Populaire,35
2016-05-30,CSP en croissance,3036
2016-05-30,CSP en croissance,315
2016-05-30,CSP en croissance,378
2016-05-30,CSP en croissance,49
2016-05-30,Populaire,879
2016-05-30,Populaire,102
2016-05-30,Populaire,214
2016-05-30,Populaire,28
2016-05-30,CSP+,3118
2016-05-30,CSP+,117
2016-05-30,CSP+,603
2016-05-30,CSP+,21
2016-05-30,CSP+,66
2016-05-30,CSP+,#
2016-05-31,CUMUL,13434
2016-05-31,CUMUL,3379
2016-05-31,CUMUL,1978
2016-05-31,CUMUL,633
2016-05-31,NR,347
2016-05-31,NR,57
2016-05-31,NR,61
2016-05-31,NR,#
2016-05-31,CSP+,1482
2016-05-31,CSP+,454
2016-05-31,CSP+,214
2016-05-31,CSP+,97
2016-05-31,CSP en croissance,1534
2016-05-31,CSP en croissance,562
2016-05-31,CSP en croissance,204
2016-05-31,CSP en croissance,69
2016-05-31,Populaire,1278
2016-05-31,Populaire,238
2016-05-31,Populaire,194
2016-05-31,Populaire,34
2016-05-31,CSP en croissance,21
2016-05-31,CSP+,542
2016-05-31,CSP+,339
2016-05-31,CSP+,81
2016-05-31,CSP+,41
2016-05-31,Populaire,337
2016-05-31,Populaire,779
2016-05-31,Populaire,71
2016-05-31,Populaire,230
2016-05-31,Populaire,542
2016-05-31,Populaire,223
2016-05-31,Populaire,61
2016-05-31,Populaire,55
2016-05-31,CSP en croissance,3374
2016-05-31,CSP en croissance,418
2016-05-31,CSP en croissance,357
2016-05-31,CSP en croissance,41
2016-05-31,Populaire,879
2016-05-31,Populaire,108
2016-05-31,Populaire,265
2016-05-31,Populaire,#
2016-05-31,CSP+,3119
2016-05-31,CSP+,108
2016-05-31,CSP+,470
2016-05-31,CSP+,27
2016-05-31,CSP+,72
2016-05-31,CSP+,#
2016-06-01,CUMUL,13545
2016-06-01,CUMUL,3549
2016-06-01,CUMUL,2051
2016-06-01,CUMUL,508
2016-06-01,NR,317
2016-06-01,NR,29
2016-06-01,NR,51
2016-06-01,NR,#
2016-06-01,CSP+,1371
2016-06-01,CSP+,545
2016-06-01,CSP+,184
2016-06-01,CSP+,74
2016-06-01,CSP en croissance,1657
2016-06-01,CSP en croissance,553
2016-06-01,CSP en croissance,214
2016-06-01,CSP en croissance,60
2016-06-01,Populaire,1402
2016-06-01,Populaire,243
2016-06-01,Populaire,163
2016-06-01,Populaire,#
2016-06-01,CSP en croissance,66
2016-06-01,CSP en croissance,#
2016-06-01,CSP+,593
2016-06-01,CSP+,331
2016-06-01,CSP+,61
2016-06-01,CSP+,40
2016-06-01,Populaire,327
2016-06-01,Populaire,789
2016-06-01,Populaire,40
2016-06-01,Populaire,189
2016-06-01,Populaire,429
2016-06-01,Populaire,221
2016-06-01,Populaire,30
2016-06-01,Populaire,#
2016-06-01,CSP en croissance,3203
2016-06-01,CSP en croissance,464
2016-06-01,CSP en croissance,388
2016-06-01,CSP en croissance,47
2016-06-01,Populaire,941
2016-06-01,Populaire,125
2016-06-01,Populaire,317
2016-06-01,Populaire,#
2016-06-01,CSP+,3305
2016-06-01,CSP+,88
2016-06-01,CSP+,603
2016-06-01,CSP+,#
2016-06-01,CSP+,95
2016-06-01,CSP+,#
2016-06-02,CUMUL,13386
2016-06-02,CUMUL,3734
2016-06-02,CUMUL,2216
2016-06-02,CUMUL,657
2016-06-02,NR,327
2016-06-02,NR,43
2016-06-02,NR,81
2016-06-02,NR,#
2016-06-02,CSP+,1617
2016-06-02,CSP+,633
2016-06-02,CSP+,276
2016-06-02,CSP+,131
2016-06-02,CSP en croissance,1494
2016-06-02,CSP en croissance,489
2016-06-02,CSP en croissance,235
2016-06-02,CSP en croissance,62
2016-06-02,Populaire,1310
2016-06-02,Populaire,367
2016-06-02,Populaire,143
2016-06-02,Populaire,34
2016-06-02,CSP en croissance,28
2016-06-02,CSP+,532
2016-06-02,CSP+,353
2016-06-02,CSP+,40
2016-06-02,CSP+,82
2016-06-02,Populaire,327
2016-06-02,Populaire,965
2016-06-02,Populaire,71
2016-06-02,Populaire,207
2016-06-02,Populaire,583
2016-06-02,Populaire,223
2016-06-02,Populaire,81
2016-06-02,Populaire,34
2016-06-02,CSP en croissance,3163
2016-06-02,CSP en croissance,396
2016-06-02,CSP en croissance,399
2016-06-02,CSP en croissance,48
2016-06-02,Populaire,1013
2016-06-02,Populaire,86
2016-06-02,Populaire,317
2016-06-02,Populaire,#
2016-06-02,CSP+,3020
2016-06-02,CSP+,79
2016-06-02,CSP+,573
2016-06-02,CSP+,27
2016-06-02,CSP+,72
2016-06-02,CSP+,#
2016-06-03,CUMUL,13839
2016-06-03,CUMUL,3791
2016-06-03,CUMUL,2165
2016-06-03,CUMUL,600
2016-06-03,NR,389
2016-06-03,NR,50
2016-06-03,NR,81
2016-06-03,NR,#
2016-06-03,CSP+,1433
2016-06-03,CSP+,528
2016-06-03,CSP+,122
2016-06-03,CSP+,81
2016-06-03,CSP en croissance,1689
2016-06-03,CSP en croissance,492
2016-06-03,CSP en croissance,266
2016-06-03,CSP en croissance,44
2016-06-03,Populaire,1474
2016-06-03,Populaire,289
2016-06-03,Populaire,235
2016-06-03,Populaire,22
2016-06-03,CSP en croissance,36
2016-06-03,CSP+,645
2016-06-03,CSP+,471
2016-06-03,CSP+,30
2016-06-03,CSP+,73
2016-06-03,Populaire,419
2016-06-03,Populaire,949
2016-06-03,Populaire,61
2016-06-03,Populaire,169
2016-06-03,Populaire,522
2016-06-03,Populaire,210
2016-06-03,Populaire,61
2016-06-03,Populaire,51
2016-06-03,CSP en croissance,3143
2016-06-03,CSP en croissance,442
2016-06-03,CSP en croissance,399
2016-06-03,CSP en croissance,66
2016-06-03,Populaire,1136
2016-06-03,Populaire,115
2016-06-03,Populaire,286
2016-06-03,Populaire,29
2016-06-03,CSP+,2989
2016-06-03,CSP+,108
2016-06-03,CSP+,624
2016-06-03,CSP+,29
2016-06-03,CSP+,101
2016-06-03,CSP+,22
2016-06-04,CUMUL,11538
2016-06-04,CUMUL,3930
2016-06-04,CUMUL,1737
2016-06-04,CUMUL,589
2016-06-04,NR,348
2016-06-04,NR,72
2016-06-04,NR,102
2016-06-04,NR,#
2016-06-04,CSP+,809
2016-06-04,CSP+,440
2016-06-04,CSP+,81
2016-06-04,CSP+,74
2016-06-04,CSP en croissance,1413
2016-06-04,CSP en croissance,613
2016-06-04,CSP en croissance,225
2016-06-04,CSP en croissance,54
2016-06-04,Populaire,1085
2016-06-04,Populaire,339
2016-06-04,Populaire,184
2016-06-04,Populaire,40
2016-06-04,CSP en croissance,28
2016-06-04,CSP+,419
2016-06-04,CSP+,375
2016-06-04,CSP+,30
2016-06-04,CSP+,74
2016-06-04,Populaire,225
2016-06-04,Populaire,881
2016-06-04,Populaire,30
2016-06-04,Populaire,175
2016-06-04,Populaire,317
2016-06-04,Populaire,274
2016-06-04,Populaire,#
2016-06-04,Populaire,60
2016-06-04,CSP en croissance,3113
2016-06-04,CSP en croissance,491
2016-06-04,CSP en croissance,389
2016-06-04,CSP en croissance,60
2016-06-04,Populaire,952
2016-06-04,Populaire,194
2016-06-04,Populaire,174
2016-06-04,Populaire,#
2016-06-04,CSP+,2857
2016-06-04,CSP+,108
2016-06-04,CSP+,512
2016-06-04,CSP+,#
2016-06-04,CSP+,115
2016-06-04,CSP+,#
2016-06-05,CUMUL,8017
2016-06-05,CUMUL,2561
2016-06-05,CUMUL,1204
2016-06-05,CUMUL,496
2016-06-05,NR,307
2016-06-05,NR,23
2016-06-05,NR,71
2016-06-05,NR,#
2016-06-05,CSP+,276
2016-06-05,CSP+,318
2016-06-05,CSP+,51
2016-06-05,CSP+,72
2016-06-05,CSP en croissance,635
2016-06-05,CSP en croissance,372
2016-06-05,CSP en croissance,61
2016-06-05,CSP en croissance,64
2016-06-05,Populaire,645
2016-06-05,Populaire,224
2016-06-05,Populaire,92
2016-06-05,Populaire,32
2016-06-05,CSP en croissance,38
2016-06-05,CSP+,235
2016-06-05,CSP+,318
2016-06-05,CSP+,40
2016-06-05,CSP+,48
2016-06-05,Populaire,92
2016-06-05,Populaire,403
2016-06-05,Populaire,30
2016-06-05,Populaire,80
2016-06-05,Populaire,184
2016-06-05,Populaire,170
2016-06-05,Populaire,56
2016-06-05,CSP en croissance,2397
2016-06-05,CSP en croissance,395
2016-06-05,CSP en croissance,276
2016-06-05,CSP en croissance,56
2016-06-05,Populaire,624
2016-06-05,Populaire,69
2016-06-05,Populaire,102
2016-06-05,Populaire,#
2016-06-05,CSP+,2622
2016-06-05,CSP+,100
2016-06-05,CSP+,481
2016-06-05,CSP+,40
2016-06-05,CSP+,131
2016-06-05,CSP+,24
2016-06-06,CUMUL,13834
2016-06-06,CUMUL,3751
2016-06-06,CUMUL,2426
2016-06-06,CUMUL,754
2016-06-06,NR,430
2016-06-06,NR,51
2016-06-06,NR,82
2016-06-06,NR,#
2016-06-06,CSP+,1374
2016-06-06,CSP+,488
2016-06-06,CSP+,215
2016-06-06,CSP+,92
2016-06-06,CSP en croissance,1764
2016-06-06,CSP en croissance,576
2016-06-06,CSP en croissance,317
2016-06-06,CSP en croissance,77
2016-06-06,Populaire,1477
2016-06-06,Populaire,269
2016-06-06,Populaire,256
2016-06-06,Populaire,28
2016-06-06,CSP en croissance,51
2016-06-06,CSP+,615
2016-06-06,CSP+,372
2016-06-06,CSP+,71
2016-06-06,CSP+,92
2016-06-06,Populaire,379
2016-06-06,Populaire,861
2016-06-06,Populaire,92
2016-06-06,Populaire,240
2016-06-06,Populaire,543
2016-06-06,Populaire,291
2016-06-06,Populaire,61
2016-06-06,Populaire,99
2016-06-06,CSP en croissance,3272
2016-06-06,CSP en croissance,437
2016-06-06,CSP en croissance,430
2016-06-06,CSP en croissance,56
2016-06-06,Populaire,995
2016-06-06,Populaire,145
2016-06-06,Populaire,297
2016-06-06,Populaire,#
2016-06-06,CSP+,2985
2016-06-06,CSP+,116
2016-06-06,CSP+,605
2016-06-06,CSP+,35
2016-06-06,CSP+,94
2016-06-06,CSP+,#
2016-06-07,CUMUL,13721
2016-06-07,CUMUL,3725
2016-06-07,CUMUL,2180
2016-06-07,CUMUL,676
2016-06-07,NR,441
2016-06-07,NR,58
2016-06-07,NR,102
2016-06-07,NR,#
2016-06-07,CSP+,1415
2016-06-07,CSP+,521
2016-06-07,CSP+,256
2016-06-07,CSP+,92
2016-06-07,CSP en croissance,1815
2016-06-07,CSP en croissance,492
2016-06-07,CSP en croissance,235
2016-06-07,CSP en croissance,49
2016-06-07,Populaire,1261
2016-06-07,Populaire,286
2016-06-07,Populaire,143
2016-06-07,Populaire,56
2016-06-07,CSP en croissance,58
2016-06-07,CSP en croissance,#
2016-06-07,CSP+,574
2016-06-07,CSP+,396
2016-06-07,CSP+,92
2016-06-07,CSP+,56
2016-06-07,Populaire,359
2016-06-07,Populaire,829
2016-06-07,Populaire,51
2016-06-07,Populaire,227
2016-06-07,Populaire,625
2016-06-07,Populaire,249
2016-06-07,Populaire,41
2016-06-07,Populaire,70
2016-06-07,CSP en croissance,3159
2016-06-07,CSP en croissance,499
2016-06-07,CSP en croissance,369
2016-06-07,CSP en croissance,63
2016-06-07,Populaire,1015
2016-06-07,Populaire,139
2016-06-07,Populaire,297
2016-06-07,Populaire,21
2016-06-07,CSP+,3057
2016-06-07,CSP+,110
2016-06-07,CSP+,594
2016-06-07,CSP+,#
2016-06-07,CSP+,88
2016-06-07,CSP+,#
